segment,average_order_value
Individual,2455.5222826086956522
Enterprise,2740.6796610169491525
SMB,2429.1210204081632653
